{
  "d=16, K=4, \u03c3=0.5": {
    "one_step": {
      "acc": 78.92000079154968,
      "mse": 0.024197490885853767,
      "cosine": 0.8423879146575928
    },
    "converged_deq": {
      "acc": 25.63999891281128,
      "mse": 0.050710320472717285,
      "cosine": 0.476490318775177
    },
    "dual_path_deq": {
      "acc": 78.11999917030334,
      "mse": 0.02957843989133835,
      "cosine": 0.7937846779823303
    },
    "dual_breakdown": {
      "acc_shallow": 78.35999727249146,
      "acc_deep": 25.380000472068787,
      "acc_merged": 77.89999842643738,
      "acc_oracle": 84.579998254776,
      "gate_mean": 0.8788312673568726,
      "gate_std": 0.03180716931819916,
      "div_mean": 0.37671706080436707
    }
  },
  "d=16, K=4, \u03c3=0.8": {
    "one_step": {
      "acc": 59.68000292778015,
      "mse": 0.03519090637564659,
      "cosine": 0.6961280703544617
    },
    "converged_deq": {
      "acc": 25.63999891281128,
      "mse": 0.050710320472717285,
      "cosine": 0.476490318775177
    },
    "dual_path_deq": {
      "acc": 57.70000219345093,
      "mse": 0.038326654583215714,
      "cosine": 0.6577567458152771
    },
    "dual_breakdown": {
      "acc_shallow": 58.85999798774719,
      "acc_deep": 25.380000472068787,
      "acc_merged": 58.139997720718384,
      "acc_oracle": 67.43999719619751,
      "gate_mean": 0.871600866317749,
      "gate_std": 0.02489292621612549,
      "div_mean": 0.29205968976020813
    }
  },
  "d=32, K=8, \u03c3=0.5": {
    "one_step": {
      "acc": 59.780001640319824,
      "mse": 0.01671379618346691,
      "cosine": 0.6855376362800598
    },
    "converged_deq": {
      "acc": 11.900000274181366,
      "mse": 0.026575781404972076,
      "cosine": 0.391358345746994
    },
    "dual_path_deq": {
      "acc": 51.239997148513794,
      "mse": 0.018936920911073685,
      "cosine": 0.6382847428321838
    },
    "dual_breakdown": {
      "acc_shallow": 50.98000168800354,
      "acc_deep": 12.600000202655792,
      "acc_merged": 50.999999046325684,
      "acc_oracle": 54.739999771118164,
      "gate_mean": 0.9277704954147339,
      "gate_std": 0.018276456743478775,
      "div_mean": 0.42935821413993835
    }
  },
  "d=32, K=8, \u03c3=0.8": {
    "one_step": {
      "acc": 39.480000734329224,
      "mse": 0.022078683599829674,
      "cosine": 0.5399313569068909
    },
    "converged_deq": {
      "acc": 11.900000274181366,
      "mse": 0.026575785130262375,
      "cosine": 0.3913583755493164
    },
    "dual_path_deq": {
      "acc": 34.700000286102295,
      "mse": 0.02301761321723461,
      "cosine": 0.5148017406463623
    },
    "dual_breakdown": {
      "acc_shallow": 34.52000021934509,
      "acc_deep": 12.600000202655792,
      "acc_merged": 34.56000089645386,
      "acc_oracle": 41.040000319480896,
      "gate_mean": 0.9314767718315125,
      "gate_std": 0.01596442610025406,
      "div_mean": 0.31769832968711853
    }
  },
  "d=64, K=16, \u03c3=0.5": {
    "one_step": {
      "acc": 39.239999651908875,
      "mse": 0.011436687782406807,
      "cosine": 0.510008692741394
    },
    "converged_deq": {
      "acc": 5.60000017285347,
      "mse": 0.014640582725405693,
      "cosine": 0.26860421895980835
    },
    "dual_path_deq": {
      "acc": 42.05999970436096,
      "mse": 0.011196701787412167,
      "cosine": 0.528506875038147
    },
    "dual_breakdown": {
      "acc_shallow": 43.720000982284546,
      "acc_deep": 6.040000170469284,
      "acc_merged": 43.6599999666214,
      "acc_oracle": 47.940000891685486,
      "gate_mean": 0.9381988048553467,
      "gate_std": 0.015369121916592121,
      "div_mean": 0.39978641271591187
    }
  },
  "d=64, K=16, \u03c3=0.8": {
    "one_step": {
      "acc": 22.920000553131104,
      "mse": 0.01340135931968689,
      "cosine": 0.3793029189109802
    },
    "converged_deq": {
      "acc": 5.60000017285347,
      "mse": 0.014640582725405693,
      "cosine": 0.26860421895980835
    },
    "dual_path_deq": {
      "acc": 22.699999809265137,
      "mse": 0.013333411887288094,
      "cosine": 0.38329610228538513
    },
    "dual_breakdown": {
      "acc_shallow": 24.3599995970726,
      "acc_deep": 6.040000170469284,
      "acc_merged": 24.300000071525574,
      "acc_oracle": 28.999999165534973,
      "gate_mean": 0.9548835158348083,
      "gate_std": 0.009118231944739819,
      "div_mean": 0.28941020369529724
    }
  }
}