{
  "small/Standard": {
    "test_mean": 72.15771857933467,
    "test_std": 0.3087334980665517,
    "val_mean": 72.23801950082245,
    "val_std": 0.4079969316902492,
    "n_params": 7419392
  },
  "small/Boosted-2": {
    "test_mean": 67.87902048715779,
    "test_std": 0.07061742990942577,
    "val_mean": 68.07736981568777,
    "val_std": 0.1707474602693182,
    "n_params": 8734208
  },
  "small/Twicing": {
    "test_mean": 69.64187166801341,
    "test_std": 0.10400756465089955,
    "val_mean": 70.29676809960948,
    "val_std": 0.04984635223807743,
    "n_params": 7419392
  },
  "small/Std-fair(d=288)": {
    "test_mean": 69.02333881829716,
    "test_std": 0.14223897698852284,
    "val_mean": 69.61071337243465,
    "val_std": 0.11425094630629218,
    "n_params": 8789184
  }
}